OR_LSTM_train_err,OR_MLP_train_err,OR_TCN_train_err,OR_RNN_train_err,OR_GRU_train_err,LSTM_train_err,MLP_train_err,TCN_train_err,RNN_train_err,GRU_train_err,OR_LSTM_test_err,OR_MLP_test_err,OR_TCN_test_err,OR_RNN_test_err,OR_GRU_test_err,LSTM_test_err,MLP_test_err,TCN_test_err,RNN_test_err,GRU_test_err
2533.257080078125,26639.775390625,5827.66162109375,12619.7568359375,5507.41064453125,0.02836665,0.088860296,0.080671996,0.028375536,0.03618087,0.0,0.0,0.0,0.0,0.0,0.0,0.0,0.0,0.0,0.0
2393.820556640625,19268.4375,5007.91552734375,11799.09375,5099.20166015625,0.021118142,0.050576005,0.058082893,0.019869087,0.024944896,2272.039021809896,15855.94384765625,4241.579833984375,11077.054361979166,4868.616129557292,1858.0466918945312,4500.505533854167,198267226.66666666,2972.033935546875,4524.1923828125
2260.187255859375,15809.486328125,4232.50146484375,11045.7880859375,4818.67919921875,0.015017715,0.036062926,0.023771351,0.013330534,0.016857961,2272.039021809896,15855.94384765625,4241.579833984375,11077.054361979166,4868.616129557292,1858.0466918945312,4500.505533854167,198267226.66666666,2972.033935546875,4524.1923828125
2131.992919921875,15011.328125,3505.505615234375,10364.5771484375,4580.5107421875,0.010106319,0.025339996,0.0070358175,0.008211785,0.011554,2019.8699951171875,14182.96240234375,2855.563761393229,9784.535481770834,4388.817626953125,1223.4090372721355,2547.647705078125,6.163975715770867e+30,2087.2838134765625,3334.06005859375
2009.1719970703125,14138.4609375,2852.87109375,9756.576171875,4361.78662109375,0.0063788965,0.01675149,0.0042829583,0.004403956,0.008044025,2019.8699951171875,14182.96240234375,2855.563761393229,9784.535481770834,4388.817626953125,1223.4090372721355,2547.647705078125,6.163975715770867e+30,2087.2838134765625,3334.06005859375
