OR_LSTM_train_err,OR_MLP_train_err,OR_TCN_train_err,OR_RNN_train_err,OR_GRU_train_err,LSTM_train_err,MLP_train_err,TCN_train_err,RNN_train_err,GRU_train_err,OR_LSTM_test_err,OR_MLP_test_err,OR_TCN_test_err,OR_RNN_test_err,OR_GRU_test_err,LSTM_test_err,MLP_test_err,TCN_test_err,RNN_test_err,GRU_test_err
2794.5002990049175,39.21245777443087,7847.24809198174,1792.2027438048005,673.0369807463508,0.015128062040582774,0.011133380961261543,0.060915257979621495,0.0021749152261102724,0.02168817866184817,4221.3652555741155,11.47430300910758,11067.756199608162,2406.9226130241773,937.6251427035737,1836.4113853737035,1292.437465084229,3985.098462458184,1.4317378720829401,2472.7849229959565
2463.396553259347,3.7072555330010593,5294.997128963894,1297.576277269137,441.5035838212367,0.01050876322299296,0.009451361193424056,0.05638401690463207,0.0014804304251550685,0.011752653911110033,3710.126447711287,3.4073631779647298,6971.339492117048,1698.6033454371745,611.8919404087328,1482.9199562552799,1025.5411893414182,2878.624370001246,6.624898963076236,2243.6792843169724
